Phene	Japanese name	JSVS No.	OMIA No.	DO No.	MONDO	Type	Catogory	Gene	Reference Genome	Chromesome	Mutation Type	Gene Position	CDS Position	Protein	Inheritance Mode	Breeds Affected	PMID	DOI	Year	Validation	Source	Notes
Hypertrophic cardiomyopathy (HCM)	肥大型心筋症	01-01-0206	002316	11984	1010459	Disease	Cardiovascular	ALMS1	Felcat_9.0	A3	missense	92439157G>C	7384G>C	G2462R	Autosomal Recessive	American Shorthair, Exotic Shorthair, Munchkin, Scottish Fold, Sphynx	33639992	10.1186/s13023-021-01740-5	2021	FALSE	OMIA	
Hypertrophic cardiomyopathy (HCM)	肥大型心筋症	01-01-0206	000515	0110310	0007268	Disease	Cardiovascular	MYBPC3	Felcat_9.0	D1	missense	101340772C>G	91G>C	A31P	Autosomal Dominant	Maine Coon, Munchkin, Pixiebob, Scottish Fold, Siberian	16236761	10.1093/hmg/ddi386	2005	FALSE	OMIA	
Hypertrophic cardiomyopathy (HCM)	肥大型心筋症	01-01-0206	000515	0110310	0007268	Disease	Cardiovascular	MYBPC3	Felcat_9.0	D1	missense	101329646G>A	2453C>T	R818W	Autosomal Dominant	Highlander, American Bobtail, Munchkin, Ragamuffin, Ragdoll	17521870	10.1016/j.ygeno.2007.04.007	2007	FALSE	OMIA	
Hypertrophic cardiomyopathy (HCM)	肥大型心筋症	01-01-0206	002212	0110307	0008647	Disease	Cardiovascular	MYH7	Felcat_9.0	B3	missense	76166296C>T	5647G>A	E1883K	Missing	Domestic Shorthair	31164718	10.1038/s41431-019-0431-4	2019	FALSE	OMIA	
Hypertrophic cardiomyopathy (HCM)	肥大型心筋症	01-01-0206	002304	0110308	0007266	Disease	Cardiovascular	TNNT2	Felcat_9.0	F1	splicing	42204052C>T	95-108G>A		Autosomal Recessive		33304277	10.3389/fphys.2020.608473	2020	FALSE	OMIA	
Acrodermatitis enteropathica (AE)	腸性肢端皮膚炎		000593	0050605	0008713	Disease	Skin, Metabolism	SLC39A4	Felcat_9.0	F2	missense	85320523C>G	1057G>C	G353R	Autosomal Recessive	Turkish Van	34573291	10.3390/genes12091309	2021	FALSE	OMIA	
Acromegaly	先端巨大症	1-07-052	000008	2449	1010563	Disease	Endocrine/Exocrine	AIP	Missing	D1					Missing		28119176	10.1016/j.domaniend.2016.11.005	2016	FALSE	OMIA	
Congenital adrenal hyperplasia	先天性副腎皮質過形成		001661	0050811	0008729	Disease	Endocrine/Exocrine	CYP11B1	Felcat_9.0	F2	missense	84247412G>A	1151G>A	R384Q	Autosomal Recessive	Domestic Shorthair	22827537	10.1111/j.1939-1676.2012.00971.x	2012	FALSE	OMIA	
Androgen insensitivity syndrome (AIS)	アンドロゲン不応症		000991	0080775	0019154	Disease	Reproductive	AR	Missing	X					X-linked	Domestic Shorthair	2777713		1989	FALSE	OMIA	
Auditory-pigmentary syndrome			001688			Disease	Hearing	PAX3	Felcat_9.0	C1	insertion	206974029_206974030insN[395] 			Autosomal Dominant	Maine Coon, Siberian	38644700	10.1111/age.13433	2024	FALSE	OMIA	
Auditory-pigmentary syndrome			001688			Disease	Hearing	PAX3	Fca126_mat1.0	C1	nonsense	205787310G>A	937C>T	Q313*	Autosomal Dominant	Maine Coon	38869246	10.1093/g3journal/jkae131	2024	FALSE	OMIA	
Auditory-pigmentary syndrome			001688			Disease	Hearing	PAX3	Felcat_9.0	C1	insertion	206975776_206975777insN[433]			Autosomal Dominant	Altai, British Shorthair, British Longhair, Persian, Ragdoll, Sphynx	38997957	10.3390/ani14131845	2024	FALSE	OMIA	
Autoimmune lymphoproliferative syndrome (ALPS)	自己免疫性リンパ増殖症候群		002064	6688	0017979	Disease	Immune	FASLG	Felcat_9.0	F1	duplication	16871916dup	418dup	R140Kfs*37	Autosomal Recessive	British Shorthair	27770190	10.1007/s00335-016-9668-1	2017	FALSE	OMIA	
Blood group system AB			000119			Physiological Trait	Blood	CMAH	Felcat_9.0	B2	regulatory	4934641C>T			Missing		17553163	10.1186/1471-2156-8-27	2007	FALSE	OMIA	
Blood group system AB			000119			Physiological Trait	Blood	CMAH	Felcat_9.0	B2	regulatory	4934795G>A			Missing		17553163	10.1186/1471-2156-8-27	2007	FALSE	OMIA	
Blood group system AB			000119			Physiological Trait	Blood	CMAH	Felcat_9.0	B2	insertion	4934941_4934942insAACGAGCAACCGAAGCTG			Missing		17553163	10.1186/1471-2156-8-27	2007	FALSE	OMIA	
Blood group system AB			000119			Physiological Trait	Blood	CMAH	Felcat_9.0	B2	missense	4935348G>A	142G>A	V48M	Missing		17553163	10.1186/1471-2156-8-27	2007	FALSE	OMIA	
Blood group system AB			000119			Physiological Trait	Blood	CMAH	Felcat_9.0	B2	missense	4938728T>A	268T>A	Y90N	Missing		17553163	10.1186/1471-2156-8-27	2007	FALSE	OMIA	
Blood group system AB			000119			Physiological Trait	Blood	CMAH	Felcat_9.0	B2	missense	4985762G>A	1603G>A	D535N	Missing		17553163	10.1186/1471-2156-8-27	2007	FALSE	OMIA	
Blood group system AB			000119			Physiological Trait	Blood	CMAH	Felcat_9.0	B2	missense	4935345C>T	139C>T	R47C	Missing		24697343	10.1111/jsap.12180	2014	FALSE	OMIA	
Blood group system AB			000119			Physiological Trait	Blood	CMAH	Felcat_9.0	B2	missense	4947482C>A	327A>C	E109D	Missing		27171395	10.1371/journal.pone.0154973	2016	FALSE	OMIA	
Blood group system AB			000119			Physiological Trait	Blood	CMAH	Felcat_9.0	B2	missense	4947519C>T	364C>T	P122S	Missing	Ragdoll	27171395	10.1371/journal.pone.0154973	2016	FALSE	OMIA	
Blood group system AB			000119			Physiological Trait	Blood	CMAH	Felcat_9.0	B2	missense	4935385G>T	179G>T	G60V	Missing		27755584	10.1371/journal.pone.0165000	2016	FALSE	OMIA	
Blood group system AB			000119			Physiological Trait	Blood	CMAH	Felcat_9.0	B2	missense	4935393A>G	187A>G	I63V	Missing		27755584	10.1371/journal.pone.0165000	2016	FALSE	OMIA	
Blood group system AB			000119			Physiological Trait	Blood	CMAH	Felcat_9.0	B2	deletion	4955359del	933del	A312Hfs*6	Missing		30235335	10.1371/journal.pone.0204287	2018	FALSE	OMIA	
Blood group system AB			000119			Physiological Trait	Blood	CMAH	Felcat_9.0	B2	deletion	4978934del	1322del	L441*	Missing	Ragdoll	30235335	10.1371/journal.pone.0204287	2018	FALSE	OMIA	
Blood group system AB			000119			Physiological Trait	Blood	CMAH	Felcat_9.0	B2	missense	4953568G>A	773G>A	R258Q	Missing		34589535	10.3389/fvets.2021.720445	2021	FALSE	OMIA	
Cat allergen (Fel d 1)			002593			Physiological Trait	Immune	CH2		E2		NC_058382.1 (18601998..18599769)			Missing		38549813	10.5414/ALX02454E	2024	FALSE	OMIA	Gene editing
Cerebral dysgenesis			002303			Disease	Nervous	PEA15	Felcat_9.0	F1	deletion	66768324del	176del	N59Tfs*29	Autosomal Recessive		33290415	10.1371/journal.pgen.1008671	2020	FALSE	OMIA	
Chediak-Higashi syndrome	チェディアック・東症候群	1-11-050	000185	2935	0008963	Disease	Blood, Immune	LYST	Felcat_9.0	D2	duplication	13289500_13308861dup	8347-2422_9548+1749dup		Autosomal Recessive	Persian	31919397	10.1038/s41598-019-56896-9	2020	FALSE	OMIA	
Chondrodysplasia	軟骨異形成症	1-10-120	002541	2581	0022723	Disease	Skeleton	UGDH	Felcat_9.0	B1	deletion	174882895_174886198delinsN[108]			Autosomal Dominant, Recessive lethal	Munchkin	32605545	10.1186/s12863-020-00875-x	2020	FALSE	OMIA	
Classical Ehlers-Danlos syndrome (cEDS)	エーラス・ダンロス症候群 (古典型)	1-12-018	002165	13359	0019567	Disease	Skin	COL5A1	Felcat_9.0	D4	deletion	93210344del	3420del	L1141Sfs*134	Autosomal Dominant	Domestic Shorthair	30246406	10.1111/age.12727	2018	FALSE	OMIA	
Classical Ehlers-Danlos syndrome (cEDS)	エーラス・ダンロス症候群 (古典型)	1-12-018	002165	13359	0019567	Disease	Skin	COL5A1	Felcat_9.0	D4	nonsense	93209345T>A	3514A>T	Lys1172*	Autosomal Dominant	Bombay	35627182	10.3390/genes13050797	2022	FALSE	OMIA	
Classical Ehlers-Danlos syndrome (cEDS)	エーラス・ダンロス症候群 (古典型)	1-12-018	002165	13359	0019567	Disease	Skin	COL5A1	Felcat_9.0	D4	deletion	93215496del	3066del	Gly1023Valfs*50	Autosomal Dominant	Domestic Shorthair	35627182	10.3390/genes13050797	2022	FALSE	OMIA	
Classical Ehlers-Danlos syndrome (cEDS)	エーラス・ダンロス症候群 (古典型)	1-12-018	002165	13359	0019567	Disease	Skin	COL5A1	Felcat_9.0	D4	deletion	93331577_93331598del	112_118+15del	r.spl?	Autosomal Dominant	Bengal	35627182	10.3390/genes13050797	2022	FALSE	OMIA	
Classical Ehlers-Danlos syndrome (cEDS)	エーラス・ダンロス症候群 (古典型)	1-12-018	002165	13359	0019567	Disease	Skin	COL5A1	Felcat_9.0	D4	splicing	93290016T>G	501-2A>C		Autosomal Dominant	Domestic Shorthair	37594181	10.1111/jvim.16805	2023	FALSE	OMIA	
Classical Ehlers-Danlos syndrome (cEDS)	エーラス・ダンロス症候群 (古典型)	1-12-018	002165	13359	0019567	Disease	Skin	COL5A1	Fca126_mat1.0	D4	deletion	NC_058380.1:g.93561989_93595728del 			Autosomal Dominant	Maine Coon	38745376	10.1111/age.13446	2024	FALSE	OMIA	
Coat colour and pattern, Charcoal			002549			Morphological Trait	Skin, Pigmentation	ASIP	Felcat_9.0	A3	missense		251A>G	Q84R	Autosomal Incomplete Dominant	Bengal	25143047	10.1111/age.12206	2014	FALSE	OMIA	
Coat colour and pattern, Charcoal			002549			Morphological Trait	Skin, Pigmentation	ASIP	Felcat_9.0	A3	missense		302A>G	D101G	Autosomal Incomplete Dominant	Bengal	25143047	10.1111/age.12206	2014	FALSE	OMIA	
Coat colour and pattern, Charcoal			002549			Morphological Trait	Skin, Pigmentation	ASIP	Felcat_9.0	A3	missense	25086548A>G	142T>C	S48P	Autosomal Incomplete Dominant	Bengal	25143047	10.1111/age.12206	2014	FALSE	OMIA	
Coat colour and pattern, Charcoal			002549			Morphological Trait	Skin, Pigmentation	ASIP	Felcat_9.0	A3	missense	25086649C>G	41G>C	C14S	Autosomal Incomplete Dominant	Bengal	25143047	10.1111/age.12206	2014	FALSE	OMIA	
Coat colour, agouti			000201			Morphological Trait	Skin, Pigmentation	ASIP	Felcat_9.0	A3	deletion	25086566_25086567del	123_124del	M42Efs*59	Autosomal		12620197	10.1016/s0960-9822(03)00128-3	2003	FALSE	OMIA	
Coat colour, albinism, oculocutaneous			002116			Morphological Trait	Skin, Pigmentation	HPS5	Felcat_9.0	D1	splicing	76211236C>T	2571-1G>A		Autosomal Recessive	Donskoy	32558164	10.1111/pcmr.12906	2020	FALSE	OMIA	
Coat colour, brown			001249			Morphological Trait	Skin, Pigmentation	TYRP1	Felcat_9.0	D4	nonsense	40069161C>T	298C>T	R100*	Autosomal		16104383	10.1007/s00335-004-2455-4	2005	FALSE	OMIA	
Coat colour, brown			001249			Morphological Trait	Skin, Pigmentation	TYRP1	Felcat_9.0	D4	splicing	40081229G>A	1261+5G>A	A420_D421insX[17^18]	Autosomal		16104383	10.1007/s00335-004-2455-4	2005	FALSE	OMIA	
Coat colour, dilution			000031			Morphological Trait	Skin, Pigmentation	MLPH	Felcat_9.0	C1	deletion	219396820del	83del	L28Rfs*12	Autosomal Recessive		16860533	10.1016/j.ygeno.2006.06.006	2006	FALSE	OMIA	
Coat colour, dominant white			000209			Morphological Trait	Skin, Pigmentation	KIT	Felcat_9.0	B1	insertion	164038110_164038111insN[617]			Autosomal Dominant	Domestic Longhair	25085922	10.1534/g3.114.013425	2014	FALSE	OMIA	
Coat colour, white spotting			001737			Morphological Trait	Skin, Pigmentation	KIT	Felcat_9.0	B1	insertion	164038110_164038111insN[7125]			Autosomal Co-dominant		25085922	10.1534/g3.114.013425	2014	FALSE	OMIA	
Coat colour, white spotting			001737			Morphological Trait	Skin, Pigmentation	KIT	Felcat_9.0	B1	deletion	NC_018726.3:g.163792100_163887091del 			Autosomal Co-dominant		38721753	10.1111/age.13438	2024	FALSE	OMIA	
Coat colour, extension			001199			Morphological Trait	Skin, Pigmentation	MC1R	Felcat_9.0	E2	missense	63829934G>A	250G>A	D84N	Autosomal Recessive	Norwegian Forest	19422360	10.1111/j.1365-2052.2009.01864.x	2009	FALSE	OMIA	
Coat colour, extension			001199			Morphological Trait	Skin, Pigmentation	MC1R	Felcat_9.0	E2	deletion	63830124_63830126del	440_442del	F147del	Autosomal Recessive	Burmese	27671997	10.1111/age.12505	2016	FALSE	OMIA	
Coat colour, extension			001199			Morphological Trait	Skin, Pigmentation	MC1R	Felcat_9.0	E2	deletion	63830324_63830353del	640_669del	A214_R223del	Autosomal Recessive	Kurilian Bobtail	31361350	10.1111/age.12829	2019	FALSE	OMIA	
Coat colour, golden			002159			Morphological Trait	Skin, Pigmentation	CORIN	Felcat_9.0	B1	missense	167809720C>T	2383C>T	R795C	Autosomal Recessive	Siberian	33970502	10.1111/age.13076	2021	FALSE	OMIA	
Coat colour, golden			002159			Morphological Trait	Skin, Pigmentation	CORIN	Felcat_9.0	B1	missense	167737406G>A	839G>A	C280Y	Autosomal Recessive	Siberian	35574714	10.1111/age.13215	2022	FALSE	OMIA	
Coat colour, golden			002159			Morphological Trait	Skin, Pigmentation	CORIN	Felcat_9.0	B1	nonsense		2425C>T	R809*	Autosomal Recessive	British Shorthair	35703390	10.1111/age.13228	2022	FALSE	OMIA	
Coat colour, oculocutaneous albinism type I (OCA1)			000202			Morphological Trait	Skin, Pigmentation	TYR	Felcat_9.0	D1	missense	45898803C>T	904G>A	G302R	Autosomal Recessive	Siamese	15771720	10.1111/j.1365-2052.2005.01253.x	2005	FALSE	OMIA	
Coat colour, oculocutaneous albinism type I (OCA1)			000202			Morphological Trait	Skin, Pigmentation	TYR	Felcat_9.0	D1	missense	45907839C>A	679G>T	G227W	Autosomal Recessive	Burmese	15771720	10.1111/j.1365-2052.2005.01253.x	2005	FALSE	OMIA	
Coat colour, oculocutaneous albinism type I (OCA1)			000202			Morphological Trait	Skin, Pigmentation	TYR	Felcat_9.0	D1	deletion	45898772del	939del	S314Pfs*9	Autosomal Recessive		16573534	10.1111/j.1365-2052.2005.01409.x	2006	FALSE	OMIA	
Coat colour, oculocutaneous albinism type I (OCA1)			000202			Morphological Trait	Skin, Pigmentation	TYR	Felcat_9.0	D1	nonsense	45812806G>A	1204C>T	R402*	Autosomal Recessive		27634063	10.1111/age.12503	2017	FALSE	OMIA	
Coat colour, oculocutaneous albinism type I (OCA1)			000202			Morphological Trait	Skin, Pigmentation	TYR	Felcat_9.0	D1	duplication	45898609_45898771dup	820_936delinsAATCTC	I274_L312delinsNL	Autosomal Recessive	Burmese	30716167	10.1111/age.12765	2019	FALSE	OMIA	
Coat colour, tabby			001429			Morphological Trait	Skin, Pigmentation	LVRN	Felcat_9.0	A1	missense			T139N	Autosomal		22997338	10.1126/science.1220893	2012	FALSE	OMIA	
Coat colour, tabby			001429			Morphological Trait	Skin, Pigmentation	LVRN	Felcat_9.0	A1	nonsense	96753652C>A	176C>A	S59*	Autosomal		22997338	10.1126/science.1220893	2012	FALSE	OMIA	
Coat colour, tabby			001429			Morphological Trait	Skin, Pigmentation	LVRN	Felcat_9.0	A1	missense	96754158G>A	682G>A	D228N	Autosomal		22997338	10.1126/science.1220893	2012	FALSE	OMIA	
Coat colour, tabby			001429			Morphological Trait	Skin, Pigmentation	LVRN	Felcat_9.0	A1	nonsense	96813484G>A	2522G>A	W841*	Autosomal		22997338	10.1126/science.1220893	2012	FALSE	OMIA	
Coat colour, ticked			001484			Morphological Trait	Skin, Pigmentation	DKK4	Felcat_9.0	B1	missense	42620835C>T	53C>T	A18V	Autosomal Dominant	Abyssinian, Burmese	33780570	10.1111/age.13059	2021	FALSE	OMIA	
Coat colour, ticked			001484			Morphological Trait	Skin, Pigmentation	DKK4	Felcat_9.0	B1	missense	42621481G>A	188G>A	C63Y	Autosomal Dominant	Abyssinian	33780570	10.1111/age.13059	2021	FALSE	OMIA	
Curly coat, Devon rex			001581			Morphological Trait	Skin	KRT71	Felcat_9.0	B4	Rearrangement	[81046358_81046359insA;81046370_81046371insCTCCAACT;81046371_81046451del]	[1108-4_1184del;1184_1185insAGTTGGAG;1196_1197insT]        		Autosomal Recessive	Devon Rex	20953787	10.1007/s00335-010-9290-6	2010	FALSE	OMIA	
Curly coat, Selkirk rex			001712			Morphological Trait	Skin	KRT71	Felcat_9.0	B4	splicing	81050264C>G	445-1G>C		Autosomal Incomplete Dominant	Selkirk Rex	23770706	10.1038/srep02000	2013	FALSE	OMIA	
Curly coat, Ural Rex			002273			Morphological Trait	Skin	LIPH	Felcat_9.0	C2	deletion, insertion	84136341_84136347delinsC	477_483delinsC	S160_G161del		Ural Rex	32463158	10.1111/age.12958	2020	FALSE	OMIA	
Curly/woolly coat			001684			Morphological Trait	Skin	LPAR6	Felcat_9.0	A1	deletion	22919307_22919310del	250_253del	F84Efs*9	Autosomal Recessive	Cornish Rex , German Rex	23826204	10.1371/journal.pone.0067105	2013	FALSE	OMIA	
Cystinuria, type B	シスチン尿症	1-06-020	002023	9266	0019746	Disease	Renal/Urinary	SLC7A9	Felcat_9.0	E2	missense	20218196G>A	706G>A	D236N	Missing		27404572	10.1371/journal.pone.0159247	2016	FALSE	OMIA	
Cystinuria, type B	シスチン尿症	1-06-020	002023	9266	0019746	Disease	Renal/Urinary	SLC7A9	Felcat_9.0	E2	missense	20219555T>A	881T>A	V294E	Missing	Maine Coon, Siamese, Siberian, Sphynx	27404572	10.1371/journal.pone.0159247	2016	FALSE	OMIA	
Cystinuria, type B	シスチン尿症	1-06-020	002023	9266	0019746	Disease	Renal/Urinary	SLC7A9	Felcat_9.0	E2	missense	20228722C>T	1175C>T	T392M	Missing		27404572	10.1371/journal.pone.0159247	2016	FALSE	OMIA	
Cystinuria, type A (type I)	シスチン尿症	1-06-020	000256	9266	0019745	Disease	Renal/Urinary	SLC3A1	Felcat_9.0	A3	missense	66539609C>T	1342C>T	R448W	Autosomal Recessive	Domestic Shorthair	25417848	10.1111/jvim.12501	2015	FALSE	OMIA	
Deficient acetaminophen glucuronidation			001586			Disease	Metabolism	UGT1A6	Felcat_9.0	C1	Rearrangement	NC_058375.1 (215108670..215112456)			Autosomal Recessive		10862526	10.1097/00008571-200006000-00009	2000	FALSE	OMIA	
Dermatosparaxis Ehlers-Danlos syndrome (dEDS)	ダーマトスパーラキシス エーラス・ダンロス症候群	1-12-018	000328	0080733	0009161	Disease	Skin	ADAMTS2	Fca126_mat1.0	A1	insertion, deletion	90995621dup	698dup	Ser235fs*3	Autosomal Recessive	Domestic Shorthair	37462293	10.1093/g3journal/jkad152	2023	FALSE	OMIA	皮膚無力症 ，皮膚脆弱症 MONDO:1010747
Dihydropyrimidinase deficiency	ジヒドロピリミジナーゼ欠損症		001776	0111629	1010718	Disease	Metabolism	DPYS	Felcat_9.0	F2	missense	52064442C>T	1303G>A 	G435R	Autosomal Recessive		23430934	10.1007/8904_2012_139	2012	FALSE	OMIA	
Ears, folded (drop vs prick)	折り耳		000319			Morphological Trait, Disease	Hearing, Ear, Vestibular	TRPV4	Felcat_9.0	D3	missense	18884219C>A	1024G>T	V342F	Autosomal Incomplete Dominant	Scottish Fold	27063440	10.1016/j.joca.2016.03.019	2016	FALSE	OMIA	
Encephalopathy, spongiform (FSE)	猫海綿状脳症	1-08-192	002325	3613	0010079	Disease	Nervous	ASPA	Felcat_9.0	E1	missense	13585610C>G	859G>C	A287P	Missing		33779415	10.1177/03009858211002176	2021	FALSE	OMIA	
Enteropathy-associated T cell lymphoma	腸管症関連T細胞リンパ腫		002526		1011498	Disease	Neoplasm	STAT5B	Felcat_9.0	E1	missense	42844462T>G	1924A>C	N642H	Somatic mutation		34680385	10.3390/cancers13205238	2021	FALSE	OMIA	MONDO:0019473, JSVS 1-04-086?, 
Epidermolysis bullosa, junctionalis (EBJ)	接合部型表皮水疱症		002793	3209	0030750	Disease	Skin	COL17A1	Fca126_mat1.0	D2	splicing	62124169del	3019+1del		Autosomal Recessive	American Shorthair	37895184	10.3390/genes14101835	2023	FALSE	OMIA	JSVS 1-12-092?
Epidermolysis bullosa, junctionalis (EBJ)	接合部型表皮水疱症		002793	3209	0030750	Disease	Skin	COL17A1	Fca126_mat1.0	D2	splicing	62149308C>T	769+5G>A	Val257Glyfs*82	Autosomal Recessive	Domestic Shorthair	37895184	10.3390/genes14101835	2023	FALSE	OMIA	JSVS 1-12-092?
Epidermolysis bullosa, simplex (EBS)	単純型表皮水疱症		002281	4644	0010976	Disease	Skin	KRT14	Felcat_9.0	E1	nonsense	42361726G>A	979C>T	Q327*	Autosomal Recessive	Domestic Shorthair	32657488	10.1111/age.12979	2020	FALSE	OMIA	JSVS 1-12-092?
Factor XI deficiency	第XI因子欠乏症		000363	2229	0012897	Disease	Blood	F11	Felcat_9.0	B1	missense	17176154G>A	1546G>A	V516M	Autosomal Recessive	Maine Coon	35627175	10.3390/genes13050792	2022	FALSE	OMIA	JSVS 2-10-034?
Factor XII deficiency	第XII因子欠乏症		000364	2231	0009315	Disease	Blood	F12	Felcat_9.0	A1	deletion	175381114del	1321del	L441Cfs*119	Autosomal Recessive	Balinese, Bengal, Devon Rex, Cymric, Highlander, Himalayan, Maine Coon, Manx, Minuet/Napoleon, Munchkin, Ragdoll, Savannah, Siamese, Tennessee Rex	24793828	10.1177/0300985814532821	2015	FALSE	OMIA	
Factor XII deficiency	第XII因子欠乏症		000364	2231	0009315	Disease	Blood	F12	Felcat_9.0	A1	missense	175382065G>C	1631G>C	G544A	Autosomal Recessive	Balinese, Bengal, Bombay, British Shorthair, Devon Rex, Domestic Shorthair, Donskoy, Elf, Exotic Shorthair, Highlander, Himalayan, Lykoi, Maine Coon, Minuet/Napoleon, Munchkin, Neva Masquerade, Oriental Longhair, Oriental Shorthair , Persian, Peterbald, Ragdoll, Savannah, Scottish Fold, Selkirk Rex, Siamese, Siberian, Sphynx, Tennessee Rex, Turkish Angora	28392508	10.1292/jvms.16-0602	2017	FALSE	OMIA	
Feet, white (gloving)			001580			Morphological Trait	Skin, Pigmentation	KIT	Felcat_9.0	B1	insertion, deletion	163986474_163986475delinsTG	1035_1036delinsCA	E345_H346delinsDN	Autosomal Recessive	Birman	21147473	10.1053/j.tcam.2010.09.002	2010	FALSE	OMIA	
Fibrodysplasia ossificans progressiva (FOP)	進行性骨化性線維異形成症		000388	13374	1012079	Disease	Muscle	ACVR1	Felcat_9.0	C1	missense	150014354C>T	617G>A	R206H	Missing	Domestic Shorthair	31007133	10.1177/0300985819835585	2019	FALSE	OMIA	MONDO:0007606
Holoprosencephaly	全前脳胞症		002366	4621	1010033	Disease	Nervous	GDF7	Felcat_9.0	A3	deletion	127002233_127002239del	221_227del	R74Pfs*17	Autosomal Recessive	Toyger	32575532	10.3390/genes11060672	2020	FALSE	OMIA	Forebrain commissural malformation, ventriculomegaly and interhemispheric cysts
Frontonasal dysplasia	前頭鼻異形成		002717	0081044	0013271	Disease	Skeleton, Muscle	ALX1	Felcat_9.0	B4	deletion	110088245_110088256del	497_508del	A166_T169del	Autosomal Co-dominant	Burmese	26610632	10.1016/j.ydbio.2015.11.015	2016	FALSE	OMIA	
Gangliosidosis, GM1	GM1ガングリオシドーシス	1-08-002	000402	3322	1010841	Disease	Nervous, Metabolism	GLB1	Felcat_9.0	C2	missense	158932167C>G	1448G>C	R483P	Autosomal Recessive	Korat, Siamese	18353697	10.1016/j.ymgme.2008.02.004	2008	FALSE	OMIA	
Gangliosidosis, GM2 (AB variant)	GM2ガングリオシドーシス	1-08-003	001427	4795	0010099	Disease	Nervous, Metabolism	GM2A	Felcat_9.0	A1	deletion	198114664_198114667del	516_519del	V173Sfs*17	Autosomal Recessive		16200419	10.1007/s00401-005-1040-6	2005	FALSE	OMIA	
Gangliosidosis, GM2, type II	GM2ガングリオシドーシス	1-08-003	001462	3321	0010006	Disease	Nervous, Metabolism	HEXB	Felcat_9.0	A1	deletion	141540010del	39del	L14Sfs*82	Autosomal Recessive	Korat	8178934		1994	FALSE	OMIA	
Gangliosidosis, GM2, type II	GM2ガングリオシドーシス	1-08-003	001462	3321	0010006	Disease	Nervous, Metabolism	HEXB	Felcat_9.0	A1	inversion	141571788_141571812inv	1467_1491inv	F489Lfs*4	Autosomal Recessive	Domestic Shorthair	15081585	10.1016/j.expneurol.2004.01.008	2004	FALSE	OMIA	
Gangliosidosis, GM2, type II	GM2ガングリオシドーシス	1-08-003	001462	3321	0010006	Disease	Nervous, Metabolism	HEXB	Felcat_9.0	A1	nonsense	141565348C>T	667C>T	R223*	Autosomal Recessive	Japanese domestic cat	16872651	10.1016/j.rvsc.2006.05.007	2007	FALSE	OMIA	
Gangliosidosis, GM2, type II	GM2ガングリオシドーシス	1-08-003	001462	3321	0010006	Disease	Nervous, Metabolism	HEXB	Felcat_9.0	A1	splicing	141571030_141571044del	1244-8_1250del		Autosomal Recessive	Burmese	19231264	10.1016/j.ymgme.2009.01.003	2009	FALSE	OMIA	
Glaucoma 3, primary congenital	原発緑内障	1-13-046	002017	0050593	0013122	Disease	Nervous, Eye	LTBP2	Felcat_9.0	B3	duplication	121929604_121929607dup	1449_1452dup	A485Gfs	Autosomal Recessive	Siamese	27149523	10.1371/journal.pone.0154412	2016	FALSE	OMIA	JSVS 1-13-108
Glycogen storage disease II (Pompe disease)	糖原病II型	1-08-170	000419	2752	0009290	Disease	Metabolism	GAA	Felcat_9.0	E1	missense	60946737G>A	1799G>A	R600H	Autosomal Recessive	Domestic Shorthair	37106898	10.3390/ani13081336	2023	FALSE	OMIA	
Glycogen storage disease IV	糖原病, グリコーゲン蓄積症	1-05-037	000420	2750	0009292	Disease	Metabolism	GBE1	Felcat_9.0	C2	insertion, deletion	34744479_34781895delinsN[334]			Autosomal Recessive	Norwegian Forest	17257876	10.1016/j.ymgme.2006.12.003	2007	FALSE	OMIA	
Haemophilia B	血友病B	1-11-018	000438	12259	0010604	Disease	Blood	F9	Felcat_9.0	X	missense	117091961G>A	383G>A	C128Y	X-linked Recessive	Domestic Longhair	15822564	10.1111/j.1939-1676.2005.tb02682.x	2005	FALSE	OMIA	Hemophilia B
Haemophilia B	血友病B	1-11-018	000438	12259	0010604	Disease	Blood	F9	Felcat_9.0	X	nonsense	117111577C>T	1150C>T	R384*	X-linked Recessive		15822564	10.1111/j.1939-1676.2005.tb02682.x	2005	FALSE	OMIA	Hemophilia B
Hair morphology, glitter			001313			Morphological Trait	Skin, Pigmentation	FGFR2	Felcat_9.0	D2	insertion	79707475_79,707,478insN[585] 			Autosomal Recessive	Bengal, Egyptian Mau, Toyger	38531359	10.1016/j.cub.2024.02.075	2024	FALSE	OMIA	
Hair shaft dysplasia	毛幹異形成		002452			Disease	Skin	DSG4	Felcat_9.0	D3	deletion	55315010del	76del	I26Lfs*4	Autosomal Recessive	Domestic Shorthair	34878611	10.1007/s00438-021-01842-6	2022	FALSE	OMIA	
Hair shaft dysplasia	毛幹異形成		002452			Disease	Skin	DSG4	Felcat_9.0	D3	deletion	55336127del	1777del	H593Tfs*23	Autosomal Recessive	Domestic Shorthair	34878611	10.1007/s00438-021-01842-6	2022	FALSE	OMIA	
Hair, long			000439		0008593	Morphological Trait	Skin	FGF5	Felcat_9.0	B1	missense	142165952T>G	475A>C	T159P	Autosomal Recessive		17433015	10.1111/j.1365-2052.2007.01590.x	2007	FALSE	OMIA	
Hair, long			000439		0008593	Morphological Trait	Skin	FGF5	Felcat_9.0	B1	deletion	142165953del	474del		Autosomal Recessive	Maine Coon, Ragdoll	17433015	10.1111/j.1365-2052.2007.01590.x	2007	FALSE	OMIA	
Hair, long			000439		0008593	Morphological Trait	Skin	FGF5	Felcat_9.0	B1	nonsense	142177919G>A	406C>T	R136*	Autosomal Recessive	Norwegian Forest	17767004	10.1093/jhered/esm072	2007	FALSE	OMIA	
Hair, long			000439		0008593	Morphological Trait	Skin	FGF5	Felcat_9.0	B1	insertion	142185646_142185647insA	356_357insT	M119Ifs	Autosomal Recessive	Ragdoll	17767004	10.1093/jhered/esm072	2007	FALSE	OMIA	
Hair, long			000439		0008593	Morphological Trait	Skin	FGF5	Felcat_9.0	B1	missense	142165850C>T	577G>A	A193T	Autosomal Recessive	Maine Coon	34599367	10.1007/s00439-021-02373-1	2021	FALSE	OMIA	
Hyperlipoproteinaemia	高リポ蛋白血症		001210		0037748	Disease	Metabolism	LPL	Felcat_9.0	B1	missense	38078551C>T	1315G>A	G439R	Autosomal Recessive		8636438	10.1172/JCI118541	1996	FALSE	OMIA	Hyperlipoproteinemia
Hyperoxaluria, primary, type II (Oxalosis II)	原発性高シュウ酸尿症II型		000821	0111671	0009824	Disease	Metabolism, Renal/Urinary	GRHPR	Felcat_9.0	D4	splicing	60968927G>A	N169Kfs*46		Autosomal Recessive			10.1093/jhered/esp038	2009	FALSE	OMIA	no PMID
Hypogonadotropic hypogonadism	低ゴナドトロピン性性腺機能低下症		002219	0090070	0018555	Disease	Reproductive	TAC3	Felcat_9.0	B4	missense	85517451C>T	220G>A	V74M		Domestic Shorthair	31615056	10.3390/genes10100806	2019	FALSE	OMIA	
Hypohidrotic ectodermal dysplasia, X-linked	無汗（低汗）性外胚葉形成不全症		000543	14793	0010585	Disease	Skin	EDA	Fca126_mat1.0	X	missense	57148944G>A	1042G>A	A348T	X-linked	Domestic Shorthair	39062633	10.3390/genes15070854	2024	FALSE	OMIA	
Hypokalaemic periodic paralysis	高カリウム血症性周期性麻痺		001759	14451	1011539	Disease	Metabolism, Nervous, Muscle	WNK4	Felcat_9.0	E1	nonsense	43304422C>T	2899C>T	Q967*	Autosomal Recessive	Burmese	23285264	10.1371/journal.pone.0053173	2012	FALSE	OMIA	hyperkalemic periodic paralysis, JSVS 3-03-001
Congenital hypothyroidism	先天性甲状腺機能低下症	1-07-053	000536	0050328	0010133	Disease	Endocrine/Exocrine	TPO	Felcat_9.0	A3	missense	142335362C>T	1333G>A	A445T	Autosomal Recessive	Domestic Shorthair		10.1111/jvim.12491	2015	FALSE	OMIA	MONDO:1010603, no PMID
Congenital hypothyroidism	先天性甲状腺機能低下症	1-07-053	000536	0050328	0010133	Disease	Endocrine/Exocrine	TPO	Felcat_9.0	A3	missense	142345528C>T	430G>A	G144R	Autosomal Recessive	British Shorthair, Domestic Longhair, Domestic Shorthair, Russian Blue	36054182	10.1111/jvim.16524	2022	FALSE	OMIA	MONDO:1010603
Hypotrichosis	乏毛症	1-12-093	002229	4535	0003037	Disease, Morphological Trait	Skin	HR	Felcat_9.0	B1	duplication	36040784_36040785dup	1255_1256dup	Q420Sfs*100	Autosomal Recessive	Lykoi	32580512	10.3390/genes11060682	2020	FALSE	OMIA	
Hypotrichosis	乏毛症	1-12-093	002229	4535	0003037	Disease, Morphological Trait	Skin	HR	Felcat_9.0	B1	splicing	36040933delinsCAG	1404+2delinsCAG		Autosomal Recessive	Lykoi	32580512	10.3390/genes11060682	2020	FALSE	OMIA	
Hypotrichosis	乏毛症	1-12-093	002229	4535	0003037	Disease, Morphological Trait	Skin	HR	Felcat_9.0	B1	splicing	36045776G>A	2112G>A		Autosomal Recessive	Lykoi	32580512	10.3390/genes11060682	2020	FALSE	OMIA	
Hypotrichosis	乏毛症	1-12-093	002229	4535	0003037	Disease, Morphological Trait	Skin	HR	Felcat_9.0	B1	nonsense	36047047C>T	2243C>T	R748*	Autosomal Recessive	Lykoi	32580512	10.3390/genes11060682	2020	FALSE	OMIA	
Hypotrichosis	乏毛症	1-12-093	002229	4535	0003037	Disease, Morphological Trait	Skin	HR	Felcat_9.0	B1	nonsense	36047518C>T	2593C>T	Q865*	Autosomal Recessive	Lykoi	32580512	10.3390/genes11060682	2020	FALSE	OMIA	
Hypotrichosis	乏毛症	1-12-093	002229	4535	0003037	Disease, Morphological Trait	Skin	HR	Felcat_9.0	B1	insertion	36051555_36051556insGACA	3389_3390insGACA	S1130Rfs*29	Autosomal Recessive	Lykoi	32580512	10.3390/genes11060682	2020	FALSE	OMIA	
Hypotrichosis, with thymic aplasia	乏毛症	1-12-093	001949	4535	0003037	Disease, Morphological Trait	Skin	FOXN1	Felcat_9.0	E1	deletion	18255880_18255883del	1030_1033del	L344Gfs	Autosomal Recessive	Birman	25781316	10.1371/journal.pone.0120668	2015	FALSE	OMIA	
Hypotrichosis, with whiskers short and curled	乏毛症	1-12-093	001949	4535	0003037	Disease, Morphological Trait	Skin	KRT71	Felcat_9.0	B4	splicing	81048680C>T	816+1G>A		Autosomal Recessive	Sphynx	20953787	10.1007/s00335-010-9290-6	2010	FALSE	OMIA	
L-2-hydroxyglutaric aciduria (L-2-HGA)	L-2ヒドロキシグルタル酸尿症		001371	0050574	0009370	Disease	Nervous	L2HGDH	Felcat_9.0	B3	missense	100207200T>C	1301A>G	H434R	Autosomal Recessive	Domestic Longhair	34062805	10.3390/genes12050682	2021	FALSE	OMIA	L-2-hydroxyglutaric acidemia
L-2-hydroxyglutaric aciduria (L-2-HGA)	L-2ヒドロキシグルタル酸尿症		001371	0050574	0009370	Disease	Nervous	L2HGDH	Fca126_mat1.0	B3	nonsense	97881395G>A	397C>T	Q133*	Autosomal Recessive	Domestic Shorthair	36880414	10.1111/jvim.16675	2023	FALSE	OMIA	L-2-hydroxyglutaric acidemia
Leber congenital amaurosis (LCA-4)	レーバー先天性黒内障		001222	0110332	0011458	Disease	Nervous, Eye	AIPL1	Felcat_9.0	E1	nonsense	940445C>T	577C>T	R193*	Missing	Persian	27030474	10.1186/s12864-016-2595-4	2016	FALSE	OMIA	
Leukocyte adhesion deficiency, type I	白血球粘着不全症		000595	0110910	0007293	Disease	Blood, Immune	ITGB2	Felcat_9.0	C2	deletion	1772101_1772124del	46_58+11del		Autosomal Recessive	Domestic Longhair	28750142	10.1111/vcp.12526	2017	FALSE	OMIA	JSVS 2-10-002
Mannosidosis, alpha	マンノシドーシス	1-08-233	000625	3413	0009561	Disease	Metabolism	MAN2B1	Felcat_9.0	A2	deletion	9011118_9011121del	1749_1752del	Q584Afs	Autosomal Recessive	Domestic Longhair, Domestic Shorthair, Persian	9396732	10.1042/bj3280863	1997	FALSE	OMIA	
Mannosidosis, beta	マンノシドーシス	1-08-233	000626	3633	0009562	Disease	Metabolism	MANBA	Felcat_9.0	B1	missense	121800342G>A	2506G>A	G836R	Missing	Domestic Shorthair	37913889	10.1016/j.gene.2023.147941	2024	FALSE	OMIA	
Methaemoglobinaemia	メトヘモグロビン血症	1-11-074	002131	10783	0009606	Disease	Blood	CYB5R3	Felcat_9.0	B4	missense	137967506C>T	625G>A	G209S	Missing	Domestic Shorthair	31650629	10.1111/jvim.15637	2019	FALSE	OMIA	Methemoglobinemia
Methaemoglobinaemia	メトヘモグロビン血症	1-11-074	002131	10783	0009606	Disease	Blood	CYB5R3	Felcat_9.0	B4	splicing	137970815C>G	232-1G>C 		Missing	Domestic Shorthair	31650629	10.1111/jvim.15637	2019	FALSE	OMIA	Methemoglobinemia
Methaemoglobinaemia	メトヘモグロビン血症	1-11-074	002131	10783	0009606	Disease	Blood	CYB5R3	Felcat_9.0	B4	splicing	135605715C>T	226+5G>A		Missing	Domestic Shorthair	37048064	10.3390/cells12070991	2023	FALSE	OMIA	Methemoglobinemia
Mucolipidosis II	ムコリピドーシスII型	1-08-241	001248	0080070	0009650	Disease	Metabolism	GNPTAB	Felcat_9.0	B4	nonsense	124431151G>A	2644C>T	Q882*	Autosomal Recessive	Domestic Shorthair	30591066	10.1186/s12917-018-1728-1	2018	FALSE	OMIA	
Mucopolysaccharidosis I	ムコ多糖症I型	1-08-240	000664	12802	0001586	Disease	Metabolism	IDUA	Felcat_9.0	B1	deletion	207800586_207800588del	1042_1044del	D348del	Autosomal Recessive	Domestic Shorthair	10356309	10.1006/mgme.1999.2860	1999	FALSE	OMIA	
Mucopolysaccharidosis VI	ムコ多糖症VI型	1-08-240	000666	12800	0009661	Disease	Metabolism	ARSB	Felcat_9.0	A1	missense	145138869A>G	1427T>C	L476P	Autosomal Recessive	Domestic Shorthair, Siamese	8910299	10.1074/jbc.271.44.27259	1996	FALSE	OMIA	
Mucopolysaccharidosis VI	ムコ多糖症VI型	1-08-240	000666	12800	0009661	Disease	Metabolism	ARSB	Felcat_9.0	A1	missense	145138738C>T	1558G>A	D520N	Autosomal Recessive	Siamese	9421472	10.1172/JCI935	1998	FALSE	OMIA	
Mucopolysaccharidosis VII	ムコ多糖症VII型	1-08-240	000667	12803	0009662	Disease	Metabolism	GUSB	Felcat_9.0	E3	missense	16120173G>A	1051G>A	E351K	Autosomal Recessive		10366443	10.1006/geno.1999.5825	1999	FALSE	OMIA	Sly syndrome
Mucopolysaccharidosis VII	ムコ多糖症VII型	1-08-240	000667	12803	0009662	Disease	Metabolism	GUSB	Felcat_9.0	E3	missense	16123229T>G;16123232C>T	1423T>G;1426C>T	S475_R476delinsAW	Autosomal Recessive		26118695	10.1111/jvim.13569	2015	FALSE	OMIA	Sly syndrome
Multidrug resistance 1 (MDR1)			001402			Disease	Metabolism	ABCB1	Felcat_9.0	A2	deletion	93144355_93144356del	1930_1931del		Autosomal Recessive, Autosomal Incomplete Dominant	Balinese, Domestic Longhair, Domestic Shorthair, Maine Coon, Ragdoll, Russian Blue, Siamese, Turkish Angora	25660379	10.1111/jvp.12212	2015	FALSE	OMIA	
Multiple acyl-CoA dehydrogenase deficiency	マルチプルアシルCoA脱水素酵素欠損症		001457	0060358	0009282	Disease	Metabolism	ETFDH	Felcat_9.0	B1	missense	71374631A>C	692T>G	F231C	Autosomal Recessive		24142280	10.1007/8904_2013_268	2014	FALSE	OMIA	グルタル酸尿症II型（GAII）
Muscular dystrophy, Becker type	X連鎖筋ジストロフィー	1-09-001	001888	9883	0010311	Disease	Muscle	DMD	Fca126_mat1.0	X	missense	27988938G>A	4186C>T	H1396Y	X-linked Recessive	Maine Coon	36834603	10.3390/ijms24043192	2023	FALSE	OMIA	
Muscular dystrophy, Becker type	X連鎖筋ジストロフィー	1-09-001	001888	9883	0010311	Disease	Muscle	DMD	Felcat_9.0	X	nonsense	27361452C>T	8333G>A	W2778*	X-linked Recessive	Domestic Shorthair	38415938	10.1111/jvim.17024	2024	FALSE	OMIA	
Muscular dystrophy, Becker type	X連鎖筋ジストロフィー	1-09-001	001888	9883	0010311	Disease	Muscle	DMD	Felcat_9.0	X	nonsense	27350268G>A	8467C>T	Q2823*	X-linked Recessive	Kinkalow	38613437	10.1111/jvim.17078	2024	FALSE	OMIA	
Muscular dystrophy, Duchenne type	X連鎖筋ジストロフィー	1-09-001	001081	11723	0010679	Disease	Muscle	DMD		X	deletion				X-linked	Domestic Shorthair	7881288	10.1016/0960-8966(94)90082-5	1994	FALSE	OMIA	
Muscular dystrophy, Duchenne type	X連鎖筋ジストロフィー	1-09-001	001081	11723	0010679	Disease	Muscle	DMD		X	deletion				X-linked	Domestic Shorthair	24446404	10.5326/JAAHA-MS-5973	2014	FALSE	OMIA	
Muscular dystrophy, Duchenne type	X連鎖筋ジストロフィー	1-09-001	001081	11723	0010679	Disease	Muscle	DMD	Fca126_mat1.0	X	nonsense	28208148G>A	1180C>T	R394*	X-linked	Maine Coon	36359052	10.3390/ani12212928	2022	FALSE	OMIA	
Muscular dystrophy, Duchenne type	X連鎖筋ジストロフィー	1-09-001	001081	11723	0010679	Disease	Muscle	DMD	Fca126_mat1.0	X	nonsense	27949145C>T	4849C>T	Q1617*	X-linked	Domestic Shorthair	38180235	10.1111/jvim.16971	2024	FALSE	OMIA	
Muscular dystrophy-dystroglycanopathy (limb-girdle)	筋ジストロフィー	1-09-012	001621	11724	0015152	Disease	Muscle	COLQ	Felcat_9.0	C2	missense	135068287C>T	1190G>A	C397Y	Autosomal Recessive	Devon Rex, Sphynx	26327126; 26374066	10.1371/journal.pone.0137019; 10.1111/age.12350	2015	FALSE	OMIA	
Myotonia	筋緊張症	1-09-011	000698	2106	0009715	Disease	Muscle	CLCN1	Felcat_9.0	A2	splicing	158986498G>T	1930+1G>T		Autosomal Recessive	Domestic Longhair, Domestic Shorthair	25356766	10.1371/journal.pone.0109926	2014	FALSE	OMIA	
Myotonia	筋緊張症	1-09-011	000698	2106	0009715	Disease	Muscle	CLCN1	Felcat_9.0	A2	deletion	158967085_158967092del	428_433+1del	L143Qfs3*	Autosomal Recessive	Domestic Longhair, Domestic Shorthair	35815860	10.1111/jvim.16471	2022	FALSE	OMIA	
Myotonia	筋緊張症	1-09-011	000698	2106	0009715	Disease	Muscle	CLCN1	Felcat_9.0	A2	missense	158976314G>C	991G>C	A331P	Autosomal Recessive	Domestic Longhair, Domestic Shorthair	37668104	10.1111/jvim.16837	2023	FALSE	OMIA	
Myotubular myopathy 1	X連鎖性ミオチュブラーミオパチー		001508	0111225	0010683	Disease	Muscle	MTM1 	Felcat_9.0	X	missense	125938001C>T	455C>T	A152V	X-linked Recessive	Maine Coon	35962713	10.1111/jvim.16509	2022	FALSE	OMIA	centronuclear myopathy X-linked
Neuronal ceroid lipofuscinosis 6	ニューロン性セロイドリポフスチン沈着症6型	1-13-130	001443	0110729	0011144	Disease	Metabolism, Nervous	CLN6 	Felcat_9.0	B3	nonsense	39334330G>A	668G>A	W223*	Autosomal Recessive	Domestic Longhair, Domestic Shorthair	32518081	10.1534/g3.120.401407	2020	FALSE	OMIA	
Neuronal ceroid lipofuscinosis 7	ニューロン性セロイドリポフスチン沈着症7型	1-13-130	001962	0110722	0012588	Disease	Metabolism, Nervous	MFSD8	Felcat_9.0	B1	deletion	98935076del	780del	Q262Kfs*33	Autosomal Recessive	Domestic Shorthair	31860737	10.1111/jvim.15663	2019	FALSE	OMIA	
Niemann-Pick disease, type A	ニーマン・ピック病A型	1-08-122	001795	0070111	0009756	Disease	Metabolism, Immune	SMPD1	Felcat_9.0	D1	nonsense	65190416G>A	1017G>A	W339*	Autosomal Recessive	Siamese	32347185	10.1177/0300985820921810	2020	FALSE	OMIA	sphingomyelinosis スフィンゴミエリノーシス
Niemann-Pick disease, type C1	ニーマン・ピック病C1型	1-08-122	000725	0070113	0009757	Disease	Metabolism, Immune	NPC1	Felcat_9.0	D3	missense	48234217C>G	2864G>C	C955S	Autosomal Recessive	Domestic Shorthair	12809639	10.1016/s1096-7192(03)00074-x	2003	FALSE	OMIA	
Niemann-Pick disease, type C1	ニーマン・ピック病C1型	1-08-122	000725	0070113	0009757	Disease	Metabolism, Immune	NPC1	Felcat_9.0	D3	missense	48250290T>G	1322A>C	H441P	Autosomal Recessive	Domestic Shorthair	28233346	10.1111/jvim.14599	2017	FALSE	OMIA	
Niemann-Pick disease, type C2	ニーマン・ピック病C2型	1-08-122	002065	0070114	0011873	Disease	Metabolism, Immune	NPC2	Felcat_9.0	B3	splicing	121872988C>T	82+5G>A	G28_S29ins35	Autosomal Recessive		25396745	10.1371/journal.pone.0112503	2014	FALSE	OMIA	
Niemann-Pick disease, type C2	ニーマン・ピック病C2型	1-08-122	002065	0070114	0011873	Disease	Metabolism, Immune	NPC2	Felcat_9.0	B3	missense	121865210G>A	367G>A	V126M	Autosomal Recessive	Japanese domestic cat, Siamese	37458497	10.3390/ani13111744	2023	FALSE	OMIA	
Osteochondromatosis	骨軟骨腫症	1-10-067	002554	206	1011972	Disease	Skeleton	EXT1	Fca126_mat1.0	F2	duplication	61870704dup	1468dup 	L490Pfs*31	Autosomal Dominant		35719100	10.1111/age.13232	2022	FALSE	OMIA	hereditary multiple exostoses, Ollier disease
Osteogenesis imperfecta	骨形成不全症	1-10-053	002533	12347	0019019	Disease	Skeleton	CREB3L1	Felcat_9.0	D1	deletion	100436508_100436509del	370_371del	C124Lfs	Autosomal Recessive	Domestic Shorthair	35168412	10.1177/10406387221081227	2022	FALSE	OMIA	
Polycystic kidney disease 1 (PKD1)	多発性嚢胞腎	1-06-040	000807	0110858	0008263	Disease	Renal/Urinary	PKD1 	Felcat_9.0	E3	nonsense	42858112C>A	9882C>A	C3294*	Autosomal Dominant	American Shorthair, Exotic Shorthair, Himalayan, Maine Coon, Munchkin, Persian, Ragdoll, Scottish Fold, Scottish Straight, Siberian	15466259	10.1097/01.ASN.0000141776.38527.BB	2004	FALSE	OMIA	
Polycystic kidney disease 1 (PKD1)	多発性嚢胞腎	1-06-040	000807	0110858	0008263	Disease	Renal/Urinary	PKD1 	Felcat_9.0	E3	insertion, deletion	42848725del	5250del	G1641fs	Autosomal Dominant	Scottish Fold	37489504	10.1177/1098612X231185393	2023	FALSE	OMIA	
Polycystic kidney disease 1 (PKD1)	多発性嚢胞腎	1-06-040	000807	0110858	0008263	Disease	Renal/Urinary	PKD1 	Felcat_9.0	E3	missense	42850283C>T	6808C>T	R2162W	Autosomal Dominant	American Shorthair	37489504	10.1177/1098612X231185393	2023	FALSE	OMIA	
Polycystic kidney disease 2 (PKD2)	多発性嚢胞腎	1-06-040	002525	0110859	0013131	Disease	Renal/Urinary	PKD2	Felcat_9.0	B1	deletion	134992553del	2211del	K737Nfs*2	Autosomal Dominant	Siberian	33785770	10.1038/s41598-021-86200-7	2021	FALSE	OMIA	
Polydactyly	多指症		000810	1148	0021003	Disease	Skeleton	LMBR1	Felcat_9.0	A2	regulatory	169532842T>A			Autosomal Dominant	Domestic Shorthair, Maine Coon, Pixiebob	18156157	10.1093/hmg/ddm370	2008	FALSE	OMIA	JSVS 2-06-089
Polydactyly	多指症		000810	1148	0021003	Disease	Skeleton	LMBR1	Felcat_9.0	A2	regulatory	169532844T>C			Autosomal Dominant	Domestic Shorthair, Maine Coon, Pixiebob	18156157	10.1093/hmg/ddm370	2008	FALSE	OMIA	JSVS 2-06-089
Polydactyly	多指症		000810	1148	0021003	Disease	Skeleton	LMBR1	Felcat_9.0	A2	regulatory	169533066C>G 			Autosomal Dominant	Domestic Shorthair, Maine Coon, Pixiebob	18156157	10.1093/hmg/ddm370	2008	FALSE	OMIA	JSVS 2-06-089
Porphyria, acute intermittent (AIP)	ポルフィリン症	1-11-067	001493	3890	0008294	Disease	Metabolism	HMBS	Felcat_9.0	D1	insertion	16541468dup	189dup	L64Sfs*2	Autosomal Dominant	Siamese, Domestic Shorthair	19934113	10.1093/hmg/ddp525	2010	FALSE	OMIA	
Porphyria, acute intermittent (AIP)	ポルフィリン症	1-11-067	001493	3890	0008294	Disease	Metabolism	HMBS	Felcat_9.0	D1	deletion	16540928_16540931del	107_110del	D36Vfs*6	Autosomal Dominant	Siamese, Domestic Shorthair	24239138	10.1016/j.tvjl.2013.10.008	2013	FALSE	OMIA	
Porphyria, acute intermittent (AIP)	ポルフィリン症	1-11-067	001493	3890	0008294	Disease	Metabolism	HMBS	Felcat_9.0	D1	missense	16541614G>A	250G>A	A84T	Autosomal Dominant	Siamese, Domestic Shorthair	24239138	10.1016/j.tvjl.2013.10.008	2013	FALSE	OMIA	
Porphyria, acute intermittent (AIP)	ポルフィリン症	1-11-067	001493	3890	0008294	Disease	Metabolism	HMBS	Felcat_9.0	D1	missense	16542541C>T	445C>T	R149W	Autosomal Dominant	Siamese, Domestic Shorthair	24239138	10.1016/j.tvjl.2013.10.008	2013	FALSE	OMIA	
Porphyria, acute intermittent (AIP)	ポルフィリン症	1-11-067	001493	3890	0008294	Disease	Metabolism	HMBS	Felcat_9.0	D1	splicing	16544575G>A	826-1G>A		Autosomal Dominant	Siamese, Domestic Shorthair	24239138	10.1016/j.tvjl.2013.10.008	2013	FALSE	OMIA	
Porphyria, acute intermittent (AIP)	ポルフィリン症	1-11-067	001493	3890	0008294	Disease	Metabolism	HMBS	Felcat_9.0	D1	deletion	16544592_16544594del	842_844del	G281del	Autosomal Dominant	Siamese, Domestic Shorthair	24239138	10.1016/j.tvjl.2013.10.008	2013	FALSE	OMIA	
Porphyria, congenital erythropoietic	造血性ポルフィリン症		001175	13270	1012312	Disease	Metabolism, Skin	UROS	Felcat_9.0	D2	missense	83467845C>T	140C>T	S47F	Autosomal Recessive	Domestic Shorthair	20485863	10.2119/molmed.2010.00038	2010	FALSE	OMIA	JSVS 2-10-032
Porphyria, congenital erythropoietic	造血性ポルフィリン症		001175	13270	1012312	Disease	Metabolism, Skin	UROS	Felcat_9.0	D2	missense	83482394G>A	331G>A	G111S	Autosomal Recessive	Domestic Shorthair	20485863	10.2119/molmed.2010.00038	2010	FALSE	OMIA	
Pyknodysostosis	濃化異骨症		002607		1012573	Disease	Skeleton	CTSK	Felcat_9.0	C1	nonsense	105945826G>A	724C>T	R242*	Missing	Domestic Longhair	36532681	10.1177/20551169221137536	2022	FALSE	OMIA	
Pyruvate kinase deficiency of erythrocyt	ピルビン酸キナーゼ(PK)欠損症	1-11-063	000844	0111077	0009950	Disease	Metabolism, Blood	PKLR	Felcat_9.0	F1	splicing	70310110G>A	707-53G>A		Autosomal Recessive	Abyssinian, Bengal, Chausie, Caracal, Egyptian Mau, Domestic Shorthair, Highlander, LaPerm, Lykoi, Maine Coon, Minuet/Napoleon, American Bobtail, Munchkin, Neva Masquerade, Norwegian Forest, Pixiebob, Savannah, Toyger, Singapura	23110753	10.1186/1746-6148-8-207	2012	FALSE	OMIA	pyruvate kinase deficiency of red cells
Resistance/susceptibility to lentivirus			001694		0022034	Disease	Immune	APOBEC3C		B4		NC_058374.1 (132502418..132508873)			Autosomal Dominant		26491161	10.1128/JVI.02612-15	2016	FALSE	OMIA	Disease
Retinal atrophy - Rod-cone dysplasia	レーベル先天性黒内障		000881	0110333	0013449	Disease	Nervous, Eye	CRX	Fca126_mat1.0	E2	deletion	9492897del	546del	P185Lfs*2	Autosomal Incomplete Dominant	Abyssinian	20053974	10.1167/iovs.09-4261	2010	FALSE	OMIA	Leber congenital amaurosis
Progressive retinal atrophy	進行性網膜萎縮		002267		1012227	Disease	Eye	KIF3B	Felcat_9.0	A3	missense	26784019C>T	1000G>A	A334T	Autosomal Recessive	Bengal, Highlander, Savannah	32386558	10.1016/j.ajhg.2020.04.005	2020	FALSE	OMIA	JSVS 3-06-014
Retinal degeneration II	遅発型網膜変性	1-13-121	001244	0060869	1011245	Disease	Eye	CEP290	Felcat_9.0	B4	splicing	112522818A>C	7584+9T>G		Autosomal Recessive	Abyssinian, American Shorthair, American Wirehair, Balinese, Bengal, Colorpoint Shorthair, Cornish Rex , Devon Rex, Donskoy, Domestic Shorthair, Havana, Highlander, Maine Coon, Manx, Munchkin, Ocicat, Oriental Longhair, Oriental Shorthair , Peterbald, Pixiebob, Ragdoll, Scottish Fold, Siamese, Singapura, Somali, Sphynx, Tennessee Rex, Tonkinese, European Shorthair	17507457	10.1093/jhered/esm019	2007	FALSE	OMIA	late-onset retinal degeneration
Retinopathy	網膜症		002469		1011284	Disease	Eye, Nervous	RDH5	Felcat_9.0	B4	missense	84417264G>T	542G>T	G181V	Autosomal Recessive		34726233	10.1093/hmg/ddab316	2022	FALSE	OMIA	
Sebaceous gland dysplasia	脂腺異形成		002669	9098	1012438	Disease	Skin	SOAT1	Fca126_mat1.0	F1	missense	20914140G > A	1531G>A	G511R	Autosomal Recessive	Domestic Shorthair	37060467	10.1007/s00438-023-02020-6	2023	FALSE	OMIA	
Skeletal dysplasia	骨系統疾患		002485		0018230	Disease	Skeleton	LTBP3	Felcat_9.0	D1	deletion	110690432del	158del	G53Afs*16	Autosomal Recessive	British Shorthair	34946872	10.3390/genes12121923	2021	FALSE	OMIA	DO: 2256
Spinal muscular atrophy	脊髄性筋萎縮症		002389	12377	0001516	Disease	Nervous	LIX1	Felcat_9.0	A1	deletion	161036890_161176706del			Autosomal Recessive	Highlander, Maine Coon	16899656	10.1101/gr.5268806	2006	FALSE	OMIA	
Lack of sweet taste			001617			Physiological Trait	Nervous, Olfactory	TAS1R2	Felcat_9.0	C1	deletion				Missing		16103917	10.1371/journal.pgen.0010003	2005	FALSE	OMIA	A trait in all cats, tiger and cheetah.
Short tail			000975			Morphological Trait	Skeleton	TBXT	Felcat_9.0	B2	deletion	152019395del	1196del	P399Rfs*26	Autosomal Dominant	Manx, Pixiebob	23949773	10.1007/s00335-013-9471-1	2013	FALSE	OMIA	
Short tail			000975			Morphological Trait	Skeleton	TBXT	Felcat_9.0	B2	deletion	152019424del	1166del	P389Rfs*36	Autosomal Dominant	Manx, Pixiebob	23949773	10.1007/s00335-013-9471-1	2013	FALSE	OMIA	
Short tail			000975			Morphological Trait	Skeleton	TBXT	Felcat_9.0	B2	deletion	152021379del	995delT	L332Pfs*22	Autosomal Dominant	Manx, Pixiebob	23949773	10.1007/s00335-013-9471-1	2013	FALSE	OMIA	
Short tail			000975			Morphological Trait	Skeleton	TBXT	Felcat_9.0	B2	insertion, deletion	152021360_152021362del;152021363_152021379dup	995_1011dup;1011_1014del	A338Sfs*21	Autosomal Dominant	Manx, Pixiebob	23949773	10.1007/s00335-013-9471-1	2013	FALSE	OMIA	
Tail, short and kinked (Japanese bobtail)			001987			Morphological Trait	Skeleton	HES7	Felcat_9.0	E1	missense	2918735A>G	5A>G	V2A	Autosomal Dominant	Japanese domestic cat	27030474	10.1186/s12864-016-2595-4	2016	FALSE	OMIA	Japanese Bobtail
Thrombasthenia	血小板無力症	1-11-015	001000	2219	1012271	Disease	Blood	ITGA2B	Felcat_9.0	E1	deletion	44416063del	1986delC	P662fs	Autosomal Recessive	Domestic Shorthair	32935881	10.1111/jvim.15886	2020	FALSE	OMIA	Glanzmann's thrombasthenia; platelet-type bleeding disorder 16
Verrucous epidermal keratinocytic nevi			002117		1012514	Disease	Skin	NSDHL	Felcat_9.0	X	missense	127926365A>G	397A>G	S133G	X-linked Incomplete Dominant	Domestic Shorthair	30474267	10.1111/vde.12699	2019	FALSE	OMIA	DO: 0111162;
Vitamin D-deficiency rickets, type IA	ビタミンD欠乏性くる病IA型		000837	0080883	0020723	Disease	Skeleton, Metabolism	CYP27B1	Felcat_9.0	B4	deletion	86180281del	731del	R244Pfs*32	Autosomal Recessive	Domestic Shorthair	19138382	10.1111/j.1939-1676.2008.00220.x	2009	FALSE	OMIA	vitamin D-dependent rickets
Vitamin D-deficiency rickets, type IA	ビタミンD欠乏性くる病IA型		000837	0080883	0020723	Disease	Skeleton, Metabolism	CYP27B1	Felcat_9.0	B4	nonsense	86180375C>A 	637G>T	E213*	Autosomal Recessive	Siamese	22553308	10.1177/1098612X12446637	2012	FALSE	OMIA	vitamin D-dependent rickets
Vitamin D-deficiency rickets, type IB	ビタミンD欠乏性くる病IB型		002221	0080883	0010810	Disease	Skeleton, Metabolism	CYP2R1	Felcat_9.0	D1	deletion	72977336del	1386del	F462Lfs*20	Missing	Domestic Shorthair	30777056	10.1186/s12917-019-1784-1	2019	FALSE	OMIA	
Vitamin D-deficiency rickets, type II	ビタミンD欠乏性くる病II型		001431	0080883	0019642	Disease	Skeleton, Metabolism	VDR	Felcat_9.0	B4	deletion	76777621del	106del	R36Efs*18	Autosomal Recessive	Domestic Longhair	37387221	10.1177/1098612X231165630	2023	FALSE	OMIA	
Wilson disease	ウィルソン病		001071	893	0010200	Disease	Metabolism	ATP7B	Felcat_9.0	A1	missense	19611002C>G 	3890C>G	T1297R			30561139	10.1111/jvim.15399	2018	FALSE	OMIA	"normal ATP7B alleles could be recessive to or incompletely/co- dominant with deleterious ATP7B alleles in cats"
Wilson disease	ウィルソン病		001071	893	0010200	Disease	Metabolism	ATP7B		A1	missense			P550L			31687873	10.1177/1098612X19884763	2020	FALSE	OMIA	
Wilson disease	ウィルソン病		001071	893	0010200	Disease	Metabolism	ATP7B	Felcat_9.0	A1	missense	19609511T>A	3670T>A	W1224R			37427085	10.1177/20551169231177275	2023	FALSE	OMIA	
Xanthinuria, type I	キサンチン尿症I型		002445	0070452	0010209	Disease	Renal/Urinary	XDH	Felcat_9.0	A3	missense	114863284C>T	2042C>T	A681V	Missing	Domestic Shorthair	36970934	10.1111/age.13318	2023	FALSE	OMIA	MONDO:1011624
